Sr. No ,Device ID,Ethernet Jack #,MacID,Hostname,IP Address,Mites #,Mites Alpha #,Floor #,Room/Corridor #,Ceiling or Wall,Location Notes
1,1b003c000147343337373738,114-0-131-19,6c:0b:84:59:7a:c8,tcs-m-047.wifi.local.cmu.edu,172.26.234.25,047,AU,Floor 1,165,C1,
2,2d0027000147343337373738,114-0-131-18,6c:0b:84:59:78:17,tcs-m-048.wifi.local.cmu.edu,172.26.234.27,048,AV,Floor 1,165,C2,
3,310021000247343337373738,114-0-131-17,6c:0b:84:59:7b:c4,tcs-m-049.wifi.local.cmu.edu,172.26.234.29,049,AW,Floor 1,165,W1,
4,20003f000147343337373738,114-0-131-15,6c:0b:84:59:7a:35,tcs-m-050.wifi.local.cmu.edu,172.26.234.41,050,AX,Floor 1,164,W1,
5,38002b000547343339373536,114-0-131-16,6c:0b:84:59:74:98,tcs-m-051.wifi.local.cmu.edu,172.26.235.139,051,AY,Floor 1,164,C1,
6,3b003c000247343337373738,114-0-131-04,6c:0b:84:59:75:e5,tcs-m-052.wifi.local.cmu.edu,172.26.235.140,052,AZ,Floor 1,163,W1,
7,240033000147343337373738,114-0-131-03,6c:0b:84:59:7b:ff,tcs-m-053.wifi.local.cmu.edu,172.26.235.145,053,BA,Floor 1,162,W1,
8,240046000147343337373738,114-0-131-02,6c:0b:84:59:7c:0f,tcs-m-059.wifi.local.cmu.edu,172.26.234.42,059,BG,Floor 1,161,W1,
9,37003d000447343337373738,114-0-131-01,6c:0b:84:59:1b:8a,tcs-m-060.wifi.local.cmu.edu,172.26.234.43,060,BH,Floor 1,160,W1,
10,2e0017000147343337373738,114-0-131-24,6c:0b:84:59:76:fd,tcs-m-073.wifi.local.cmu.edu,172.26.235.141,073,BU,Floor 1,172,W1,
11,3b002f000547343339373536,114-0-132-01,6c:0b:84:59:78:a1,tcs-m-074.wifi.local.cmu.edu,172.26.235.142,074,BV,Floor 1,171,W1,
12,30003c000247343337373738,114-0-132-02,6c:0b:84:59:79:d1,tcs-m-079.wifi.local.cmu.edu,172.26.235.143,079,CA,Floor 1,170,W1,
13,20003d000147343337373738,114-0-131-22,6c:0b:84:59:7a:3b,tcs-m-080.wifi.local.cmu.edu,172.26.235.144,080,CB,Floor 1,150,C1,KITCHEN/COPY+PRINT
14,3f0026000c47363330353437,114-0-131-21,e0:4f:43:52:5f:9a,tcs-m-125.wifi.local.cmu.edu,172.26.234.44,125,DU,Floor 1,167,W1,
15,390028000547363332363639,114-0-131-20,e0:4f:43:52:5f:ba,tcs-m-126.wifi.local.cmu.edu,172.26.234.45,126,DV,Floor 1,166,W1,
16,210020000b47363330353437,114-0-131-05,e0:4f:43:52:5e:f5,tcs-m-127.wifi.local.cmu.edu,172.26.234.46,127,DW,Floor 1,150-1,C1,Outside rm 165
17,250034000b47363330353437,114-0-131-06,e0:4f:43:52:5f:51,tcs-m-128.wifi.local.cmu.edu,172.26.234.47,128,DX,Floor 1,150-1,C2,Outside 166
18,1d002c000547363332363639,114-0-131-11,e0:4f:43:52:61:af,tcs-m-129.wifi.local.cmu.edu,172.26.234.48,129,DY,Floor 1,150-1,C5,Outside 164
19,180027000547363332363639,114-01-131-12,e0:4f:43:52:61:81,tcs-m-130.wifi.local.cmu.edu,172.26.234.49,130,DZ,Floor 1,150-1,C6,Outside 163
20,23001f000147343337373738,114-01-131-14,6c:0b:84:59:7b:80,tcs-m-131.wifi.local.cmu.edu,172.26.234.50,131,EA,Floor 1,150-1,C10,Outside 161
21,1c0023000547363332363639,114-01-131-13,e0:4f:43:52:62:06,tcs-m-132.wifi.local.cmu.edu,172.26.234.51,132,EB,Floor 1,150-1,C9,Outside 172
22,20003b000c47363330353437,114-01-131-10,e0:4f:43:52:5f:49,tcs-m-135.wifi.local.cmu.edu,172.26.234.52,135,EE,Floor 1,150-1,C8,Outside 171
23,1f0036000547363332363639,114-01-131-09,e0:4f:43:52:62:44,tcs-m-136.wifi.local.cmu.edu,172.26.234.53,136,EF,Floor 1,150-1,C7,Outside 170
24,30002a000247343337373738,114-01-131-07,6c:0b:84:59:7a:58,tcs-m-138.wifi.local.cmu.edu,172.26.234.54,138,EH,Floor 1,150-1,C3,Outside 167
25,350045000247343337373738,114-01-131-08,6c:0b:84:59:7b:85,tcs-m-141.wifi.local.cmu.edu,172.26.234.55,141,EK,Floor 1,150-1,C4,Room Center
26,37002d001647343339383037,114-01-132-03,6c:0b:84:59:7a:e3,tcs-m-142.wifi.local.cmu.edu,172.26.234.56,142,EL,Floor 1,HALL 100,HC1,Outside Elevator
27,390037000547363332363639,114-01-132-04,e0:4f:43:52:5e:16,tcs-m-145.wifi.local.cmu.edu,172.26.234.57,145,EO,Floor 1,HALL 100,HC2,Outside 108/Stairs
28,350046000247343337373738,114-01-131-23,6c:0b:84:59:7b:7a,tcs-m-146.wifi.local.cmu.edu,172.26.234.58,146,EP,Floor 1,150-1,C11,Reception Desk
29,3e0022000247343337373738,114-01-132-05,6c:0b:84:59:76:5a,tcs-m-147.wifi.local.cmu.edu,172.26.234.59,147,EQ,Floor 1,HALL 100,HC3,Outside 101
30,2e0019000547363332363639,114-01-132-06,e0:4f:43:52:60:1d,tcs-m-148.wifi.local.cmu.edu,172.26.234.60,148,ER,Floor 1,HALL 100,HC4,Outside 102
31,450031000647363332363639,114-01-132-08,e0:4f:43:52:61:f1,tcs-m-149.wifi.local.cmu.edu,172.26.234.61,149,ES,Floor 1,HALL 100,HC5,Outside 103
32,1c0022000547363332363639,114-01-132-09,e0:4f:43:52:62:3c,tcs-m-153.wifi.local.cmu.edu,172.26.234.62,153,EW,Floor 1,HALL 100,HC6,Outside 105
33,1d0029000547363332363639,114-01-132-07,e0:4f:43:52:61:d4,tcs-m-154.wifi.local.cmu.edu,172.26.234.63,154,EX,Floor 1,HALL 100,HC7,Outside 106/Stairs
34,28001c000b47363330353437,114-02-231-02,e0:4f:43:52:61:21,tcs-m-155.wifi.local.cmu.edu,172.26.234.64,155,EY,Floor 2,240,C1,
35,3f0020000c47363330353437,114-02-231-01,e0:4f:43:52:60:15,tcs-m-156.wifi.local.cmu.edu,172.26.234.65,156,EZ,Floor 2,240,W1,
36,380020000547363332363639,114-02-231-04,e0:4f:43:52:5f:8b,tcs-m-157.wifi.local.cmu.edu,172.26.234.66,157,FA,Floor 2,241,C1,
37,380021000547363332363639,114-02-231-03,e0:4f:43:52:5f:9b,tcs-m-158.wifi.local.cmu.edu,172.26.234.67,158,FB,Floor 2,241,W1,
38,370020000247343337373738,114-02-231-06,6c:0b:84:59:76:e6,tcs-m-173.wifi.local.cmu.edu,172.26.234.68,173,FQ,Floor 2,242,C1,
39,37003f000247343337373738,114-02-231-05,6c:0b:84:59:76:3a,tcs-m-174.wifi.local.cmu.edu,172.26.234.69,174,FR,Floor 2,242,W1,
40,1b002c000447343339373536,114-02-231-08,6c:0b:84:59:74:e8,tcs-m-175.wifi.local.cmu.edu,172.26.234.70,175,FS,Floor 2,243,C1,
41,1b0025000447343339373536,114-02-231-07,6c:0b:84:59:75:0b,tcs-m-176.wifi.local.cmu.edu,172.26.234.71,176,FT,Floor 2,243,W1,
42,2c001e000247343337373738,114-02-231-10,6c:0b:84:59:79:e6,tcs-m-183.wifi.local.cmu.edu,172.26.234.72,183,GA,Floor 2,244,C1,
43,2c0044001547343339383037,114-02-231-09,6c:0b:84:59:79:b0,tcs-m-184.wifi.local.cmu.edu,172.26.234.73,184,GB,Floor 2,244,W1,
44,360032001647343339383037,114-02-231-12,6c:0b:84:59:79:e0,tcs-m-185.wifi.local.cmu.edu,172.26.234.74,185,GC,Floor 2,245,C1,
45,380030000247343337373738,114-02-231-11,6c:0b:84:59:76:8c,tcs-m-186.wifi.local.cmu.edu,172.26.234.75,186,GD,Floor 2,245,W1,
46,380027000247343337373738,114-02-231-14,6c:0b:84:59:76:c5,tcs-m-187.wifi.local.cmu.edu,172.26.235.148,187,GE,Floor 2,246,C1,
47,2a0023000147343337373738,114-02-231-13,6c:0b:84:59:74:8e,tcs-m-194.wifi.local.cmu.edu,172.26.235.146,194,GL,Floor 2,246,W1,
48,2d0048000147343337373738,114-02-231-16,6c:0b:84:59:74:84,tcs-m-195.wifi.local.cmu.edu,172.26.235.147,195,GM,Floor 2,247,C1,
49,320023000147343337373738,114-02-231-15,6c:0b:84:59:76:7d,tcs-m-201.wifi.local.cmu.edu,172.26.234.76,201,GS,Floor 2,247,W1,
50,360026000247343337373738,114-02-231-18,6c:0b:84:59:78:2a,tcs-m-202.wifi.local.cmu.edu,172.26.234.77,202,GT,Floor 2,248,C1,
51,33001e000247343337373738,114-02-231-17,6c:0b:84:59:79:89,tcs-m-203.wifi.local.cmu.edu,172.26.234.78,203,GU,Floor 2,248,W1,
52,270030000147343337373738,114-02-231-22,6c:0b:84:59:76:73,tcs-m-204.wifi.local.cmu.edu,172.26.234.79,204,GV,Floor 2,251,C1,
53,3c0024000247343337373738,114-02-231-21,6c:0b:84:59:77:c1,tcs-m-205.wifi.local.cmu.edu,172.26.234.80,205,GW,Floor 2,251,C2,
54,3a0045000547343339373536,114-02-231-20,6c:0b:84:59:77:b1,tcs-m-206.wifi.local.cmu.edu,172.26.234.81,206,GX,Floor 2,251,C3,
55,280046000147343337373738,114-02-231-19,6c:0b:84:59:77:b6,tcs-m-207.wifi.local.cmu.edu,172.26.234.82,207,GY,Floor 2,251,W1,
56,29001c000147343337373738,114-02-232-02,6c:0b:84:59:77:50,tcs-m-208.wifi.local.cmu.edu,172.26.234.83,208,GZ,Floor 2,250,C1,
57,3a0038000247343337373738,114-02-232-03,6c:0b:84:59:78:30,tcs-m-209.wifi.local.cmu.edu,172.26.234.84,209,HA,Floor 2,250,C2,
58,360023000547343339373536,114-02-232-04,6c:0b:84:59:79:36,tcs-m-210.wifi.local.cmu.edu,172.26.234.85,210,HB,Floor 2,250,C3,
59,250039000147343337373738,114-02-232-01,6c:0b:84:59:76:94,tcs-m-211.wifi.local.cmu.edu,172.26.234.86,211,HC,Floor 2,250,C4,
60,31003d000147343337373738,114-02-232-05,6c:0b:84:59:79:4d,tcs-m-212.wifi.local.cmu.edu,172.26.234.87,212,HD,Floor 2,250,C5,
61,24003a000147343337373738,114-02-231-24,6c:0b:84:59:7b:be,tcs-m-213.wifi.local.cmu.edu,172.26.234.88,213,HE,Floor 2,250,W1,
62,2d001a000147343337373738,114-02-232-07,6c:0b:84:59:77:8f,tcs-m-214.wifi.local.cmu.edu,172.26.234.89,214,HF,Floor 2,261,W1,
63,290034000147343337373738,114-02-232-06,6c:0b:84:59:77:bb,tcs-m-215.wifi.local.cmu.edu,172.26.234.90,215,HG,Floor 2,260,C1,
64,3e002e000247343337373738,114-02-232-08,6c:0b:84:59:77:6a,tcs-m-216.wifi.local.cmu.edu,172.26.234.91,216,HH,Floor 2,262,W1,
65,240032000147343337373738,114-02-232-09,6c:0b:84:59:7b:b8,tcs-m-217.wifi.local.cmu.edu,172.26.234.92,217,HI,Floor 2,263,W1,
66,2f0040000247343337373738,114-02-232-10,6c:0b:84:59:7b:ef,tcs-m-218.wifi.local.cmu.edu,172.26.234.93,218,HJ,Floor 2,264,W1,
67,3b002c000747343337373738,114-02-232-15,6c:0b:84:59:7c:1e,tcs-m-219.wifi.local.cmu.edu,172.26.234.94,219,HK,Floor 2,265,W1,
68,340043000247343337373738,114-02-234-13,6c:0b:84:59:7b:bc,tcs-m-220.wifi.local.cmu.edu,172.26.234.95,220,HL,Floor 2,268,C1,
69,34001d000547343339373536,114-02-234-14,6c:0b:84:59:77:a1,tcs-m-221.wifi.local.cmu.edu,172.26.234.96,221,HM,Floor 2,268,C2,
70,370036001647343339383037,114-02-234-15,6c:0b:84:59:79:ab,tcs-m-222.wifi.local.cmu.edu,172.26.234.97,222,HN,Floor 2,268,C3,
71,290035000147343337373738,114-02-234-10,6c:0b:84:59:77:9d,tcs-m-223.wifi.local.cmu.edu,172.26.234.98,223,HO,Floor 2,257,W1,
72,3a0042000547343339373536,114-02-234-11,6c:0b:84:59:77:b7,tcs-m-224.wifi.local.cmu.edu,172.26.234.99,224,HP,Floor 2,258,W1,
73,2b0042000147343337373738,114-02-234-12,6c:0b:84:59:74:b0,tcs-m-225.wifi.local.cmu.edu,172.26.234.100,225,HQ,Floor 2,267,W1,
74,3b0023000547343339373536,114-02-234-14,6c:0b:84:59:78:b3,tcs-m-226.wifi.local.cmu.edu,172.26.234.101,226,HR,Floor 2,266,W1,
75,370021000547343339373536,114-02-234-13,6c:0b:84:59:74:a4,tcs-m-227.wifi.local.cmu.edu,172.26.234.102,227,HS,Floor 2,259,W1,
76,35003d000247343337373738,114-02-232-12,6c:0b:84:59:7b:81,tcs-m-228.wifi.local.cmu.edu,172.26.234.103,228,HT,Floor 2,256,C1,
77,380026000547343339373536,114-02-234-09,6c:0b:84:59:74:9d,tcs-m-229.wifi.local.cmu.edu,172.26.234.104,229,HU,Floor 2,255,C1,
78,35003a000547343339373536,114-02-234-08,6c:0b:84:59:79:70,tcs-m-230.wifi.local.cmu.edu,172.26.234.105,230,HV,Floor 2,254,C1,
79,290040000147343337373738,114-02-234-07,6c:0b:84:59:77:af,tcs-m-231.wifi.local.cmu.edu,172.26.234.106,231,HW,Floor 2,254,W1,
80,29002b000147343337373738,114-02-237-23,6c:0b:84:59:77:b5,tcs-m-232.wifi.local.cmu.edu,172.26.234.107,232,HX,Floor 2,236,W1,
81,36001b000547343339373536,114-02-233-16,6c:0b:84:59:79:38,tcs-m-233.wifi.local.cmu.edu,172.26.234.108,233,HY,Floor 2,HALL,HC1,Outside 236
82,31003f000147343337373738,114-02-233-23,6c:0b:84:59:79:41,tcs-m-234.wifi.local.cmu.edu,172.26.234.109,234,HZ,Floor 2,235,C1,
83,250042000147343337373738,114-02-233-24,6c:0b:84:59:7c:06,tcs-m-235.wifi.local.cmu.edu,172.26.234.110,235,IA,Floor 2,235,C2,
84,3c001e000247343337373738,114-02-234-01,6c:0b:84:59:77:c6,tcs-m-236.wifi.local.cmu.edu,172.26.234.111,236,IB,Floor 2,235,C3,
85,340031000547343339373536,114-02-233-18,6c:0b:84:59:79:37,tcs-m-237.wifi.local.cmu.edu,172.26.234.112,237,IC,Floor 2,235,C4,
86,2b0024000147343337373738,114-02-233-22,6c:0b:84:59:75:20,tcs-m-238.wifi.local.cmu.edu,172.26.234.113,238,ID,Floor 2,235,C5,
87,33003c000547343339373536,114-02-233-21,6c:0b:84:59:77:a7,tcs-m-239.wifi.local.cmu.edu,172.26.234.114,239,IE,Floor 2,235,C6,
88,31001b000247343337373738,114-02-233-20,6c:0b:84:59:7b:6e,tcs-m-240.wifi.local.cmu.edu,172.26.234.115,240,IF,Floor 2,235,C7,
89,1f0037000c47363330353437,114-02-233-19,e0:4f:43:52:5f:42,tcs-m-241.wifi.local.cmu.edu,172.26.234.116,241,IG,Floor 2,235,C8,
90,2e0027000547363332363639,114-02-233-17,e0:4f:43:52:5f:e6,tcs-m-242.wifi.local.cmu.edu,172.26.234.117,242,IH,Floor 2,235,W1,
91,2f001c000547363332363639,114-02-233-15,e0:4f:43:52:60:cc,tcs-m-243.wifi.local.cmu.edu,172.26.234.118,243,II,Floor 2,HALL,HC2,Outside 233
92,180037000547363332363639,114-02-233-12,e0:4f:43:52:61:d5,tcs-m-245.wifi.local.cmu.edu,172.26.234.119,245,IK,Floor 2,233,C1,
93,3b0040000247343337373738,114-02-233-13,6c:0b:84:59:77:bd,tcs-m-246.wifi.local.cmu.edu,172.26.234.120,246,IL,Floor 2,233,C2,
94,390043000247343337373738,114-02-233-11,6c:0b:84:59:78:43,tcs-m-247.wifi.local.cmu.edu,172.26.234.121,247,IM,Floor 2,233,C3,
95,3b001c000547343339373536,114-02-233-14,6c:0b:84:59:77:58,tcs-m-248.wifi.local.cmu.edu,172.26.234.122,248,IN,Floor 2,233,C4,
96,380040000247343337373738,114-02-234-17,6c:0b:84:59:77:53,tcs-m-249.wifi.local.cmu.edu,172.26.234.123,249,IO,Floor 2,HALL,HC3,Outside 246
97,26003f000147343337373738,114-02-234-18,6c:0b:84:59:77:ba,tcs-m-250.wifi.local.cmu.edu,172.26.234.124,250,IP,Floor 2,HALL,HC4,Outside 241
98,1b0035000147343337373738,114-02-232-17,6c:0b:84:59:7b:6f,tcs-m-251.wifi.local.cmu.edu,172.26.234.125,251,IQ,Floor 2,224,C1,
99,3b002b000247343337373738,114-02-232-16,6c:0b:84:59:77:cd,tcs-m-252.wifi.local.cmu.edu,172.26.234.126,252,IR,Floor 2,224,W1,
100,37002e000247343337373738,114-02-232-19,6c:0b:84:59:77:7f,tcs-m-253.wifi.local.cmu.edu,172.26.234.127,253,IS,Floor 2,223,C1,
101,390024000247343337373738,114-02-232-18,6c:0b:84:59:77:d5,tcs-m-254.wifi.local.cmu.edu,172.26.234.128,254,IT,Floor 2,223,W1,
102,280039000147343337373738,114-02-232-21,6c:0b:84:59:77:da,tcs-m-255.wifi.local.cmu.edu,172.26.234.129,255,IU,Floor 2,222,C1,
103,25002f000147343337373738,114-02-232-20,6c:0b:84:59:78:c9,tcs-m-256.wifi.local.cmu.edu,172.26.234.130,256,IV,Floor 2,222,W1,
104,420038001547343339383037,114-02-232-23,6c:0b:84:59:78:c3,tcs-m-257.wifi.local.cmu.edu,172.26.234.131,257,IW,Floor 2,221,C1,
105,3b0043000547343339373536,114-02-232-22,6c:0b:84:59:77:e2,tcs-m-258.wifi.local.cmu.edu,172.26.234.132,258,IX,Floor 2,221,W1,
106,2d0045000147343337373738,114-02-233-01,6c:0b:84:59:77:d7,tcs-m-259.wifi.local.cmu.edu,172.26.234.133,259,IY,Floor 2,220,C1,
107,1b0031000147343337373738,114-02-232-24,6c:0b:84:59:7b:5e,tcs-m-260.wifi.local.cmu.edu,172.26.234.134,260,IZ,Floor 2,220,W1,
108,420030000547343339373536,114-02-233-03,6c:0b:84:59:76:56,tcs-m-261.wifi.local.cmu.edu,172.26.234.135,261,JA,Floor 2,231A,C1,
109,32002b000147343337373738,114-02-233-05,6c:0b:84:59:75:f0,tcs-m-262.wifi.local.cmu.edu,172.26.234.136,262,JB,Floor 2,231,C1,
110,41003d001547343339383037,114-02-233-04,6c:0b:84:59:75:ea,tcs-m-263.wifi.local.cmu.edu,172.26.234.137,263,JC,Floor 2,231,W1,
111,280033000147343337373738,114-02-233-06,6c:0b:84:59:76:19,tcs-m-264.wifi.local.cmu.edu,172.26.234.11,264,JD,Floor 2,232,W1,
112,28003f000147343337373738,114-02-233-07,6c:0b:84:59:75:f9,tcs-m-265.wifi.local.cmu.edu,172.26.234.138,265,JE,Floor 2,207OC,C1,
113,430035000547343339373536,114-02-233-08,6c:0b:84:59:76:0e,tcs-m-268.wifi.local.cmu.edu,172.26.234.140,268,JH,Floor 2,207OC,C2,
114,420038000547343339373536,114-02-233-09,6c:0b:84:59:76:06,tcs-m-269.wifi.local.cmu.edu,172.26.234.141,269,JI,Floor 2,207OC,C3,
115,42003b001547343339383037,114-02-233-10,6c:0b:84:59:76:39,tcs-m-270.wifi.local.cmu.edu,172.26.234.142,270,JJ,Floor 2,HALL,HC5,
116,360019001647343339383037,114-02-233-02,6c:0b:84:59:7a:ad,tcs-m-271.wifi.local.cmu.edu,172.26.234.143,271,JK,Floor 2,230,W1,
117,220044000147343337373738,114-02-234-02,6c:0b:84:59:7b:08,tcs-m-272.wifi.local.cmu.edu,172.26.234.144,272,JL,Floor 2,HALL,HC6,
118,3b0037000747343337373738,114-02-234-03,6c:0b:84:59:7a:aa,tcs-m-273.wifi.local.cmu.edu,172.26.234.145,273,JM,Floor 2,HALL,HC7,
119,220036000147343337373738,114-02-234-18,6c:0b:84:59:7b:1c,tcs-m-274.wifi.local.cmu.edu,172.26.234.146,274,JN,Floor 2,HALL RC,HC8,
120,200038000147343337373738,114-02-234-04,6c:0b:84:59:7a:77,tcs-m-275.wifi.local.cmu.edu,172.26.234.147,275,JO,Floor 2,HALL,HC9,
121,36002a001647343339383037,114-02-234-05,6c:0b:84:59:7b:03,tcs-m-276.wifi.local.cmu.edu,172.26.234.148,276,JP,Floor 2,HALL,HC10,
122,34001a000247343337373738,114-02-234-06,6c:0b:84:59:7a:b9,tcs-m-277.wifi.local.cmu.edu,172.26.234.149,277,JQ,Floor 2,HALL,HC11,
123,220034000147343337373738,MISSING LOCATION,6c:0b:84:59:7b:12,tcs-m-278.wifi.local.cmu.edu,172.26.234.150,278,JR,Floor 2,,,Missing PoE Location!
124,1c0028000547363332363639,114-03-331-02,e0:4f:43:52:61:90,tcs-m-279.wifi.local.cmu.edu,172.26.234.151,279,JS,Floor 3,325,C1,
125,360031001647343339383037,114-03-331-01,6c:0b:84:59:7a:cb,tcs-m-280.wifi.local.cmu.edu,172.26.234.152,280,JT,Floor 3,325,W1,
126,2e0023000547363332363639,114-03-331-03,e0:4f:43:52:60:cd,tcs-m-281.wifi.local.cmu.edu,172.26.234.153,281,JU,Floor 3,326,C1,
127,2a0020000247343337373738,114-03-331-04,6c:0b:84:59:7a:97,tcs-m-282.wifi.local.cmu.edu,172.26.234.154,282,JV,Floor 3,326,W1,
128,3c0038000b47363330353437,114-03-331-06,e0:4f:43:52:60:d4,tcs-m-283.wifi.local.cmu.edu,172.26.234.155,283,JW,Floor 3,327,C1,
129,1c0021000547363332363639,114-03-331-05,e0:4f:43:52:62:14,tcs-m-284.wifi.local.cmu.edu,172.26.234.156,284,JX,Floor 3,327,W1,
130,1f0039000547363332363639,114-03-331-08,e0:4f:43:52:62:a1,tcs-m-285.wifi.local.cmu.edu,172.26.234.157,285,JY,Floor 3,340,C1,
131,1d0027000547363332363639,114-03-331-07,e0:4f:43:52:61:61,tcs-m-286.wifi.local.cmu.edu,172.26.234.158,286,JZ,Floor 3,340,W1,
132,39001f000547363332363639,114-03-331-10,e0:4f:43:52:5f:76,tcs-m-287.wifi.local.cmu.edu,172.26.234.159,287,KA,Floor 3,341,C1,
133,1d002f000547363332363639,114-03-331-09,e0:4f:43:52:62:61,tcs-m-288.wifi.local.cmu.edu,172.26.234.160,288,KB,Floor 3,341,W1,
134,1e0030000547363332363639,114-03-331-12,e0:4f:43:52:62:0e,tcs-m-289.wifi.local.cmu.edu,172.26.234.161,289,KC,Floor 3,342,C1,
135,180031000547363332363639,114-03-331-11,e0:4f:43:52:62:78,tcs-m-290.wifi.local.cmu.edu,172.26.234.162,290,KD,Floor 3,342,W1,
136,3f0034000c47363330353437,114-03-331-14,e0:4f:43:52:5f:c8,tcs-m-291.wifi.local.cmu.edu,172.26.234.163,291,KE,Floor 3,343,C1,
137,180029000547363332363639,114-03-331-13,e0:4f:43:52:62:2d,tcs-m-292.wifi.local.cmu.edu,172.26.234.164,292,KF,Floor 3,343,W1,
138,180035000547363332363639,114-03-331-15,e0:4f:43:52:62:a8,tcs-m-293.wifi.local.cmu.edu,172.26.234.165,293,KG,Floor 3,344,W1,
139,3f0037000c47363330353437,114-03-331-17,e0:4f:43:52:5f:fd,tcs-m-294.wifi.local.cmu.edu,172.26.234.166,294,KH,Floor 3,345,C1,
140,2e0029000547363332363639,114-03-331-16,e0:4f:43:52:5f:e7,tcs-m-295.wifi.local.cmu.edu,172.26.234.167,295,KI,Floor 3,345,W1,
141,1d0033000547363332363639,114-03-331-19,e0:4f:43:52:62:62,tcs-m-296.wifi.local.cmu.edu,172.26.234.168,296,KJ,Floor 3,346,C1,
142,390029000547363332363639,114-03-331-18,e0:4f:43:52:5f:fe,tcs-m-297.wifi.local.cmu.edu,172.26.234.169,297,KK,Floor 3,346,W1,
143,3b003f000b47363330353437,114-03-331-21,e0:4f:43:52:60:fc,tcs-m-298.wifi.local.cmu.edu,172.26.234.170,298,KL,Floor 3,347,C1,
144,1d002e000547363332363639,114-03-331-20,e0:4f:43:52:61:70,tcs-m-299.wifi.local.cmu.edu,172.26.234.171,299,KM,Floor 3,347,W1,
145,3f001f000c47363330353437,114-03-331-23,e0:4f:43:52:60:6d,tcs-m-300.wifi.local.cmu.edu,172.26.234.172,300,KN,Floor 3,348,C1,
146,1f0035000c47363330353437,114-03-331-22,e0:4f:43:52:5f:3b,tcs-m-301.wifi.local.cmu.edu,172.26.234.173,301,KO,Floor 3,348,W1,
147,3f0024000c47363330353437,114-03-332-01,e0:4f:43:52:60:75,tcs-m-302.wifi.local.cmu.edu,172.26.234.174,302,KP,Floor 3,349,C1,
148,1f0034000547363332363639,114-03-334-24,e0:4f:43:52:62:79,tcs-m-303.wifi.local.cmu.edu,172.26.234.175,303,KQ,Floor 3,349,W1,
149,1d002a000547363332363639,114-03-332-03,e0:4f:43:52:61:b0,tcs-m-304.wifi.local.cmu.edu,172.26.234.176,304,KR,Floor 3,363,C1,
150,1e002d000547363332363639,114-03-332-02,e0:4f:43:52:61:f2,tcs-m-305.wifi.local.cmu.edu,172.26.234.177,305,KS,Floor 3,363,W1,
151,3f003a000c47363330353437,114-03-332-05,e0:4f:43:52:60:74,tcs-m-306.wifi.local.cmu.edu,172.26.234.178,306,KT,Floor 3,362,C1,
152,3b0036000b47363330353437,114-03-332-04,e0:4f:43:52:60:54,tcs-m-307.wifi.local.cmu.edu,172.26.234.179,307,KU,Floor 3,362,W1,
153,3f0031000c47363330353437,114-03-332-07,e0:4f:43:52:5f:a3,tcs-m-308.wifi.local.cmu.edu,172.26.234.180,308,KV,Floor 3,361,C1,
154,390021000547363332363639,114-03-332-06,e0:4f:43:52:5f:6f,tcs-m-309.wifi.local.cmu.edu,172.26.234.181,309,KW,Floor 3,361,W1,
155,170032000547363332363639,114-03-335-22,e0:4f:43:52:61:c5,tcs-m-310.wifi.local.cmu.edu,172.26.234.182,310,KX,Floor 3,311,C1,
156,330043000247343337373738,114-03-335-21,6c:0b:84:59:7a:9e,tcs-m-311.wifi.local.cmu.edu,172.26.234.183,311,KY,Floor 3,311,W1,
157,320048000247343337373738,114-03-335-20,6c:0b:84:59:7a:cf,tcs-m-314.wifi.local.cmu.edu,172.26.234.184,314,LB,Floor 3,312,C1,
158,310032000247343337373738,114-03-335-19,6c:0b:84:59:7a:75,tcs-m-315.wifi.local.cmu.edu,172.26.234.185,315,LC,Floor 3,312,W1,
159,37003a001647343339383037,114-03-335-18,6c:0b:84:59:7a:d2,tcs-m-316.wifi.local.cmu.edu,172.26.234.186,316,LD,Floor 3,313,C1,
160,34001c000247343337373738,114-03-335-17,6c:0b:84:59:7a:b0,tcs-m-317.wifi.local.cmu.edu,172.26.234.187,317,LE,Floor 3,313,W1,
161,32003e000247343337373738,114-03-335-16,6c:0b:84:59:7a:9a,tcs-m-318.wifi.local.cmu.edu,172.26.234.188,318,LF,Floor 3,314,C1,
162,360023001647343339383037,114-03-335-15,6c:0b:84:59:7a:a2,tcs-m-319.wifi.local.cmu.edu,172.26.234.189,319,LG,Floor 3,314,W1,
163,3b003d000747343337373738,114-03-335-14,6c:0b:84:59:7a:7f,tcs-m-320.wifi.local.cmu.edu,172.26.234.190,320,LH,Floor 3,315,C1,
164,200041000547363332363639,114-03-335-13,e0:4f:43:52:62:b0,tcs-m-321.wifi.local.cmu.edu,172.26.234.191,321,LI,Floor 3,315,W1,
165,2e001f000d47363330353437,114-03-335-12,e0:4f:43:52:61:80,tcs-m-322.wifi.local.cmu.edu,172.26.234.192,322,LJ,Floor 3,316,C1,
166,200024000c47363330353437,114-03-335-11,e0:4f:43:52:5f:33,tcs-m-323.wifi.local.cmu.edu,172.26.234.193,323,LK,Floor 3,316,W1,
167,3e001e000c47363330353437,114-03-335-10,e0:4f:43:52:60:9c,tcs-m-324.wifi.local.cmu.edu,172.26.234.194,324,LL,Floor 3,317,C1,
168,1e002e000547363332363639,114-03-335-09,e0:4f:43:52:62:36,tcs-m-325.wifi.local.cmu.edu,172.26.234.195,325,LM,Floor 3,317,W1,
169,1c002a000547363332363639,114-03-332-16,e0:4f:43:52:61:91,tcs-m-326.wifi.local.cmu.edu,172.26.234.196,326,LN,Floor 3,320,C1,
170,1f0043000547363332363639,114-03-332-15,e0:4f:43:52:62:e5,tcs-m-327.wifi.local.cmu.edu,172.26.234.197,327,LO,Floor 3,320,W1,
171,38001b000547363332363639,114-03-332-14,e0:4f:43:52:5f:d8,tcs-m-328.wifi.local.cmu.edu,172.26.234.198,328,LP,Floor 3,321,C1,
172,2f0020000547363332363639,114-03-332-13,e0:4f:43:52:60:2d,tcs-m-329.wifi.local.cmu.edu,172.26.234.199,329,LQ,Floor 3,321,W1,
173,1c0027000547363332363639,114-03-332-12,e0:4f:43:52:61:a8,tcs-m-330.wifi.local.cmu.edu,172.26.234.200,330,LR,Floor 3,322,C1,
174,3c003e000b47363330353437,114-03-336-10,e0:4f:43:52:60:c4,tcs-m-331.wifi.local.cmu.edu,172.26.234.201,331,LS,Floor 3,322,W1,
175,1f0033000c47363330353437,114-03-332-11,e0:4f:43:52:5f:3a,tcs-m-332.wifi.local.cmu.edu,172.26.234.202,332,LT,Floor 3,323,C1,
176,1f003a000547363332363639,114-03-332-10,e0:4f:43:52:62:e4,tcs-m-333.wifi.local.cmu.edu,172.26.234.203,333,LU,Floor 3,323,W1,
177,290030000147343337373738,114-03-332-09,6c:0b:84:59:76:11,tcs-m-334.wifi.local.cmu.edu,172.26.234.204,334,LV,Floor 3,324,C1,
178,3a0040000247343337373738,114-03-332-08,6c:0b:84:59:76:4f,tcs-m-335.wifi.local.cmu.edu,172.26.234.205,335,LW,Floor 3,324,W1,
179,38002d000247343337373738,114-03-336-07,6c:0b:84:59:76:61,tcs-m-336.wifi.local.cmu.edu,172.26.234.206,336,LX,Floor 3,HALL,HC1,Outside 327
180,3d0027000547343339373536,114-03-332-17,6c:0b:84:59:76:0b,tcs-m-337.wifi.local.cmu.edu,172.26.234.207,337,LY,Floor 3,332,W1,
181,3a003c000247343337373738,114-03-332-23,6c:0b:84:59:76:65,tcs-m-338.wifi.local.cmu.edu,172.26.234.208,338,LZ,Floor 3,C303,C1,
182,3e0024000547343339373536,114-03-332-24,6c:0b:84:59:76:08,tcs-m-339.wifi.local.cmu.edu,172.26.234.209,339,MA,Floor 3,C303,C2,
183,19002a000547363332363639,114-03-332-19,e0:4f:43:52:62:81,tcs-m-340.wifi.local.cmu.edu,172.26.234.210,340,MB,Floor 3,331,C1,
184,43002d000547343339373536,114-03-332-18,6c:0b:84:59:76:cf,tcs-m-341.wifi.local.cmu.edu,172.26.234.211,341,MC,Floor 3,331,W1,
185,38001c000247343337373738,114-03-336-09,6c:0b:84:59:76:cb,tcs-m-342.wifi.local.cmu.edu,172.26.234.212,342,MD,Floor 3,HALL,HC2,Outside 331
186,3b003c000b47363330353437,114-03-332-20,e0:4f:43:52:60:d5,tcs-m-343.wifi.local.cmu.edu,172.26.234.213,343,ME,Floor 3,331A,C1,
187,1f003e000547363332363639,114-03-332-21,e0:4f:43:52:61:98,tcs-m-344.wifi.local.cmu.edu,172.26.234.214,344,MF,Floor 3,330,W1,
188,3b0037000b47363330353437,114-03-332-22,e0:4f:43:52:60:5d,tcs-m-345.wifi.local.cmu.edu,172.26.234.215,345,MG,Floor 3,HALL,HC3,Outside 317
189,3b0034000b47363330353437,114-03-336-05,e0:4f:43:52:60:5c,tcs-m-346.wifi.local.cmu.edu,172.26.234.216,346,MH,Floor 3,HALL 300RC,HC4,Outside 301
190,1e0021000547363332363639,114-03-336-04,e0:4f:43:52:62:d5,tcs-m-347.wifi.local.cmu.edu,172.26.234.217,347,MI,Floor 3,HALL,HC5,Outside 311
191,390038000247343337373738,114-03-336-01,6c:0b:84:59:76:55,tcs-m-350.wifi.local.cmu.edu,172.26.234.218,350,ML,Floor 3,310,C1,
192,410035001547343339383037,114-03-335-24,6c:0b:84:59:75:e4,tcs-m-351.wifi.local.cmu.edu,172.26.234.219,351,MM,Floor 3,310,C2,
193,41002f001547343339383037,114-03-335-23,6c:0b:84:59:76:33,tcs-m-352.wifi.local.cmu.edu,172.26.234.220,352,MN,Floor 3,310,W1,
194,41002c001547343339383037,114-03-336-03,6c:0b:84:59:76:3f,tcs-m-353.wifi.local.cmu.edu,172.26.234.221,353,MO,Floor 3,HALL 300EL,HC6,Outside 310
195,360033000247343337373738,114-03-336-02,6c:0b:84:59:76:ae,tcs-m-356.wifi.local.cmu.edu,172.26.234.222,356,MR,Floor 3,HALL 300R,HC7,Outside 350
196,2d0037000147343337373738,114-03-335-02,6c:0b:84:59:75:de,tcs-m-357.wifi.local.cmu.edu,172.26.234.223,357,MS,Floor 3,HALL,HC8,Outside 360
197,1f0042000547363332363639,114-03-335-04,e0:4f:43:52:62:a9,tcs-m-362.wifi.local.cmu.edu,172.26.234.224,362,MX,Floor 3,360,C1,
198,190028000547363332363639,114-03-335-05,e0:4f:43:52:62:2e,tcs-m-363.wifi.local.cmu.edu,172.26.234.225,363,MY,Floor 3,360,C2,
199,1d0023000547363332363639,114-03-335-06,e0:4f:43:52:61:b7,tcs-m-364.wifi.local.cmu.edu,172.26.234.226,364,MZ,Floor 3,360,C3,
200,3b0043000b47363330353437,114-03-335-03,e0:4f:43:52:61:0a,tcs-m-365.wifi.local.cmu.edu,172.26.234.227,365,NA,Floor 3,360,W1,
201,3b003b000b47363330353437,114-03-335-07,e0:4f:43:52:60:44,tcs-m-366.wifi.local.cmu.edu,172.26.234.228,366,NB,Floor 3,364,C1,
202,1f0042000c47363330353437,114-03-335-08,e0:4f:43:52:5f:4a,tcs-m-367.wifi.local.cmu.edu,172.26.234.229,367,NC,Floor 3,364,C2,
203,1a0022000547363332363639,114-03-335-01,e0:4f:43:52:61:59,tcs-m-368.wifi.local.cmu.edu,172.26.234.230,368,ND,Floor 3,HALL,HC9,Outside 348
204,1c002c000547363332363639,114-03-334-15,e0:4f:43:52:61:78,tcs-m-369.wifi.local.cmu.edu,172.26.234.231,369,NE,Floor 3,350,C1,
205,1b0026000547363332363639,114-03-334-16,e0:4f:43:52:5a:a9,tcs-m-370.wifi.local.cmu.edu,172.26.234.232,370,NF,Floor 3,350,C2,
206,2f0017000547363332363639,114-03-334-24,e0:4f:43:52:60:2c,tcs-m-371.wifi.local.cmu.edu,172.26.234.233,371,NG,Floor 3,350,C3,
207,3f002c000c47363330353437,114-03-334-22,e0:4f:43:52:5f:7c,tcs-m-372.wifi.local.cmu.edu,172.26.234.234,372,NH,Floor 3,350,C4,
208,1f0031000c47363330353437,114-03-334-17,e0:4f:43:52:5f:41,tcs-m-373.wifi.local.cmu.edu,172.26.234.235,373,NI,Floor 3,350,C5,
209,3b0032000b47363330353437,114-03-334-23,e0:4f:43:52:60:bd,tcs-m-374.wifi.local.cmu.edu,172.26.234.236,374,NJ,Floor 3,350,C6,
210,1c0025000547363332363639,114-03-334-21,e0:4f:43:52:61:9f,tcs-m-375.wifi.local.cmu.edu,172.26.234.28,375,NK,Floor 3,350,C7,
211,380019000547363332363639,114-03-334-18,e0:4f:43:52:5f:6e,tcs-m-376.wifi.local.cmu.edu,172.26.234.237,376,NL,Floor 3,350,C8,
212,1f0036000c47363330353437,114-03-334-19,e0:4f:43:52:5f:32,tcs-m-377.wifi.local.cmu.edu,172.26.234.238,377,NM,Floor 3,350,C9,
213,340039001547363332363732,114-03-334-14,e0:4f:43:52:61:29,tcs-m-378.wifi.local.cmu.edu,172.26.234.239,378,NN,Floor 3,350,W1,
214,190027000547363332363639,114-03-334-20,e0:4f:43:52:62:07,tcs-m-379.wifi.local.cmu.edu,172.26.234.240,379,NO,Floor 3,350,W2,
215,1e0022000547363332363639,114-03-334-13,e0:4f:43:52:62:dd,tcs-m-380.wifi.local.cmu.edu,172.26.234.241,380,NP,Floor 3,357,C1,
216,2f002d000d47363330353437,114-03-334-12,e0:4f:43:52:62:26,tcs-m-381.wifi.local.cmu.edu,172.26.234.242,381,NQ,Floor 3,357,W1,
217,1d0022000547363332363639,114-03-334-11,e0:4f:43:52:61:db,tcs-m-382.wifi.local.cmu.edu,172.26.234.243,382,NR,Floor 3,355,C1,
218,38001e000547363332363639,114-03-334-10,e0:4f:43:52:5f:75,tcs-m-383.wifi.local.cmu.edu,172.26.234.244,383,NS,Floor 3,355,W1,
219,3f0038000c47363330353437,114-03-334-09,e0:4f:43:52:5f:92,tcs-m-384.wifi.local.cmu.edu,172.26.234.245,384,NT,Floor 3,353,C1,
220,3f002a000c47363330353437,114-03-334-08,e0:4f:43:52:60:84,tcs-m-385.wifi.local.cmu.edu,172.26.234.246,385,NU,Floor 3,353,W1,
221,1e0033000b47363330353437,114-03-336-06,e0:4f:43:52:61:50,tcs-m-386.wifi.local.cmu.edu,172.26.234.247,386,NV,Floor 3,HALL,HC10,Outside 344
222,200043000547363332363639,114-03-334-06,e0:4f:43:52:61:b8,tcs-m-388.wifi.local.cmu.edu,172.26.234.248,388,NX,Floor 3,358,C1,
223,2e001f000547363332363639,114-03-334-03,e0:4f:43:52:60:1c,tcs-m-389.wifi.local.cmu.edu,172.26.234.249,389,NY,Floor 3,358,C2,
224,3b0033000b47363330353437,114-03-334-05,e0:4f:43:52:60:45,tcs-m-390.wifi.local.cmu.edu,172.26.234.250,390,NZ,Floor 3,358,C3,
225,42003b000247343337373738,114-03-334-04,6c:0b:84:59:7c:8a,tcs-m-391.wifi.local.cmu.edu,172.26.234.22,391,OA,Floor 3,358,C4,
226,35002a000247343337373738,114-03-334-07,6c:0b:84:59:7b:b7,tcs-m-392.wifi.local.cmu.edu,172.26.234.23,392,OB,Floor 3,358,W1,
227,3c002b000247343337373738,114-03-334-02,6c:0b:84:59:7b:60,tcs-m-393.wifi.local.cmu.edu,172.26.234.24,393,OC,Floor 3,358,W2,
228,310028000147343337373738,114-03-334-01,6c:0b:84:59:78:07,tcs-m-395.wifi.local.cmu.edu,172.26.234.251,395,OE,Floor 3,HALL,HC11,Outside 340
229,3d0037000247343337373738,114-04-431-02,6c:0b:84:59:78:4a,tcs-m-396.wifi.local.cmu.edu,172.26.234.252,396,OF,Floor 4,425,C1,
230,31002f000147343337373738,114-04-431-01,6c:0b:84:59:78:3f,tcs-m-397.wifi.local.cmu.edu,172.26.234.253,397,OG,Floor 4,425,W1,
231,38003b000247343337373738,114-04-431-04,6c:0b:84:59:78:5a,tcs-m-398.wifi.local.cmu.edu,172.26.234.254,398,OH,Floor 4,426,C1,
232,2b0036000147343337373738,114-04-431-03,6c:0b:84:59:7b:c9,tcs-m-399.wifi.local.cmu.edu,172.26.234.255,399,OI,Floor 4,426,W1,
233,250043000147343337373738,114-04-431-06,6c:0b:84:59:7b:b2,tcs-m-400.wifi.local.cmu.edu,172.26.235.0,400,OJ,Floor 4,427,C1,
234,240043000147343337373738,114-04-431-05,6c:0b:84:59:7b:ac,tcs-m-401.wifi.local.cmu.edu,172.26.235.1,401,OK,Floor 4,427,W1,
235,2a0019000247343337373738,114-04-432-04,6c:0b:84:59:7b:8f,tcs-m-402.wifi.local.cmu.edu,172.26.235.2,402,OL,Floor 4,440,C1,
236,31002b000147343337373738,114-04-432-03,6c:0b:84:59:78:0d,tcs-m-403.wifi.local.cmu.edu,172.26.234.26,403,OM,Floor 4,440,W1,
237,2a0033000247343337373738,114-04-432-06,6c:0b:84:59:7c:5c,tcs-m-404.wifi.local.cmu.edu,172.26.235.94,404,ON,Floor 4,441,C1,
238,38002e000247343337373738,114-04-432-05,6c:0b:84:59:77:a0,tcs-m-405.wifi.local.cmu.edu,172.26.235.3,405,OO,Floor 4,441,W1,
239,32001e000247343337373738,114-04-432-08,6c:0b:84:59:7c:18,tcs-m-406.wifi.local.cmu.edu,172.26.235.4,406,OP,Floor 4,442,C1,
240,1b0026000447343339373536,114-04-432-07,6c:0b:84:59:74:a8,tcs-m-407.wifi.local.cmu.edu,172.26.235.5,407,OQ,Floor 4,442,W1,
241,2e001d000147343337373738,114-04-432-10,6c:0b:84:59:78:1d,tcs-m-408.wifi.local.cmu.edu,172.26.235.6,408,OR,Floor 4,443,C1,
242,3b002d000747343337373738,114-04-432-09,6c:0b:84:59:7b:68,tcs-m-409.wifi.local.cmu.edu,172.26.235.7,409,OS,Floor 4,443,W1,
243,370044000247343337373738,114-04-432-11,6c:0b:84:59:76:34,tcs-m-410.wifi.local.cmu.edu,172.26.235.8,410,OT,Floor 4,444,W1,
244,3a0025000247343337373738,114-04-432-12,6c:0b:84:59:78:13,tcs-m-411.wifi.local.cmu.edu,172.26.235.9,411,OU,Floor 4,445,C1,
245,290042000147343337373738,114-04-432-13,6c:0b:84:59:77:b0,tcs-m-412.wifi.local.cmu.edu,172.26.235.10,412,OV,Floor 4,445,W1,
246,3e0037000547343339373536,114-04-432-15,6c:0b:84:59:75:71,tcs-m-413.wifi.local.cmu.edu,172.26.235.11,413,OW,Floor 4,446,C1,
247,3b0041000547343339373536,114-04-432-14,6c:0b:84:59:77:bc,tcs-m-414.wifi.local.cmu.edu,172.26.235.12,414,OX,Floor 4,446,W1,
248,3a001d000247343337373738,114-04-432-16,6c:0b:84:59:77:7d,tcs-m-415.wifi.local.cmu.edu,172.26.235.13,415,OY,Floor 4,447,C1,
249,3f003a000547343339373536,114-04-432-17,6c:0b:84:59:75:7c,tcs-m-416.wifi.local.cmu.edu,172.26.235.14,416,OZ,Floor 4,447,W1,
250,29002d000247343337373738,114-04-432-19,6c:0b:84:59:7b:fb,tcs-m-417.wifi.local.cmu.edu,172.26.235.15,417,PA,Floor 4,448,C1,
251,3e002d000547343339373536,114-04-432-18,6c:0b:84:59:75:6c,tcs-m-418.wifi.local.cmu.edu,172.26.235.16,418,PB,Floor 4,448,W1,
252,3d0028000547343339373536,114-04-432-21,6c:0b:84:59:75:9a,tcs-m-419.wifi.local.cmu.edu,172.26.235.17,419,PC,Floor 4,449,C1,
253,3e0033000547343339373536,114-04-432-20,6c:0b:84:59:75:70,tcs-m-420.wifi.local.cmu.edu,172.26.235.18,420,PD,Floor 4,449,W1,
254,3a0038000547343339373536,114-04-432-23,6c:0b:84:59:74:c1,tcs-m-421.wifi.local.cmu.edu,172.26.234.16,421,PE,Floor 4,463,C1,
255,3e003e000547343339373536,114-04-432-22,6c:0b:84:59:75:76,tcs-m-422.wifi.local.cmu.edu,172.26.235.19,422,PF,Floor 4,463,W1,
256,3f003d000547343339373536,114-04-433-01,6c:0b:84:59:75:77,tcs-m-423.wifi.local.cmu.edu,172.26.235.20,423,PG,Floor 4,462,C1,
257,3e0040000547343339373536,114-04-432-24,6c:0b:84:59:75:7d,tcs-m-424.wifi.local.cmu.edu,172.26.235.21,424,PH,Floor 4,462,W1,
258,3a001a000747343337373738,114-04-433-03,6c:0b:84:59:7c:2d,tcs-m-425.wifi.local.cmu.edu,172.26.235.22,425,PI,Floor 4,461,C1,
259,310032000147343337373738,114-04-433-02,6c:0b:84:59:78:01,tcs-m-426.wifi.local.cmu.edu,172.26.235.23,426,PJ,Floor 4,461,W1,
260,3a0029000547343339373536,114-04-433-06,6c:0b:84:59:74:ac,tcs-m-427.wifi.local.cmu.edu,172.26.235.24,427,PK,Floor 4,468OC,C1,
261,3a001e000547343339373536,114-04-433-05,6c:0b:84:59:74:c3,tcs-m-428.wifi.local.cmu.edu,172.26.235.25,428,PL,Floor 4,468OC,C2,
262,370020000547343339373536,114-04-433-18,6c:0b:84:59:74:c6,tcs-m-429.wifi.local.cmu.edu,172.26.235.26,429,PM,Floor 4,452,C1,
263,2f0042000247343337373738,114-04-433-19,6c:0b:84:59:7b:f5,tcs-m-430.wifi.local.cmu.edu,172.26.235.27,430,PN,Floor 4,452,C2,
264,1b0032000147343337373738,114-04-433-14,6c:0b:84:59:7b:69,tcs-m-431.wifi.local.cmu.edu,172.26.235.28,431,PO,Floor 4,452,C3,
265,35003e000247343337373738,114-04-433-15,6c:0b:84:59:7b:b0,tcs-m-432.wifi.local.cmu.edu,172.26.235.29,432,PP,Floor 4,452,C4,
266,240024000147343337373738,114-04-433-16,6c:0b:84:59:7b:aa,tcs-m-433.wifi.local.cmu.edu,172.26.235.30,433,PQ,Floor 4,452,C5,
267,240019000147343337373738,114-04-433-13,6c:0b:84:59:7b:cd,tcs-m-434.wifi.local.cmu.edu,172.26.235.31,434,PR,Floor 4,452,C6,
268,3e001f000247343337373738,114-04-433-12,6c:0b:84:59:76:54,tcs-m-435.wifi.local.cmu.edu,172.26.235.32,435,PS,Floor 4,452,C7,
269,35002c000247343337373738,114-04-433-17,6c:0b:84:59:79:7f,tcs-m-436.wifi.local.cmu.edu,172.26.235.33,436,PT,Floor 4,452,W1,
270,2e0045000247343337373738,114-04-433-11,6c:0b:84:59:7a:6d,tcs-m-437.wifi.local.cmu.edu,172.26.235.34,437,PU,Floor 4,452,W2,
271,34002f000247343337373738,114-04-434-18,6c:0b:84:59:78:6d,tcs-m-438.wifi.local.cmu.edu,172.26.235.35,438,PV,Floor 4,459,C1,
272,330039000547343339373536,114-04-434-17,6c:0b:84:59:75:c6,tcs-m-439.wifi.local.cmu.edu,172.26.235.36,439,PW,Floor 4,459,W1,
273,3e0026000547343339373536,114-04-434-15,6c:0b:84:59:75:94,tcs-m-440.wifi.local.cmu.edu,172.26.235.37,440,PX,Floor 4,457,C1,
274,1b0037000147343337373738,114-04-434-16,6c:0b:84:59:7b:63,tcs-m-441.wifi.local.cmu.edu,172.26.235.38,441,PY,Floor 4,457,W1,
275,420039000547343339373536,114-04-433-10,6c:0b:84:59:75:b4,tcs-m-442.wifi.local.cmu.edu,172.26.235.39,442,PZ,Floor 4,HALL,HC1,Outside 448
276,3b0031000247343337373738,114-04-433-09,6c:0b:84:59:77:e5,tcs-m-443.wifi.local.cmu.edu,172.26.235.40,443,QA,Floor 4,HALL,HC2,Outside 444
277,340038000247343337373738,114-04-435-04,6c:0b:84:59:78:77,tcs-m-444.wifi.local.cmu.edu,172.26.235.41,444,QB,Floor 4,453,C1,
278,2d0031000147343337373738,114-04-435-03,6c:0b:84:59:78:82,tcs-m-445.wifi.local.cmu.edu,172.26.235.42,445,QC,Floor 4,453,W1,
279,3c002e000547343339373536,114-04-435-02,6c:0b:84:59:78:87,tcs-m-446.wifi.local.cmu.edu,172.26.235.43,446,QD,Floor 4,454,C1,
280,3c0029000547343339373536,114-04-435-01,6c:0b:84:59:78:8d,tcs-m-447.wifi.local.cmu.edu,172.26.235.44,447,QE,Floor 4,454,W1,
281,2d0019000147343337373738,114-04-434-05,6c:0b:84:59:78:7c,tcs-m-448.wifi.local.cmu.edu,172.26.235.45,448,QF,Floor 4,455,W1,
282,3e002c000547343339373536,114-04-434-20,6c:0b:84:59:75:88,tcs-m-449.wifi.local.cmu.edu,172.26.235.46,449,QG,Floor 4,434,C1,
283,320032000147343337373738,114-04-434-22,6c:0b:84:59:78:bd,tcs-m-450.wifi.local.cmu.edu,172.26.235.47,450,QH,Floor 4,434,C2,
284,2d001e000147343337373738,114-04-434-21,6c:0b:84:59:78:72,tcs-m-451.wifi.local.cmu.edu,172.26.235.48,451,QI,Floor 4,434,C3,
285,3a0021000247343337373738,114-04-434-19,6c:0b:84:59:76:6a,tcs-m-452.wifi.local.cmu.edu,172.26.235.49,452,QJ,Floor 4,434,W1,
286,23001b000147343337373738,114-04-434-24,6c:0b:84:59:7b:74,tcs-m-453.wifi.local.cmu.edu,172.26.235.50,453,QK,Floor 4,433,C1,
287,350035000247343337373738,114-04-434-23,6c:0b:84:59:7b:b6,tcs-m-454.wifi.local.cmu.edu,172.26.235.51,454,QL,Floor 4,433,W1,
288,40002a000547343339373536,114-04-431-10,6c:0b:84:59:75:c0,tcs-m-455.wifi.local.cmu.edu,172.26.235.52,455,QM,Floor 4,407OC,C1,
289,3e002a000247343337373738,114-04-431-08,6c:0b:84:59:76:36,tcs-m-456.wifi.local.cmu.edu,172.26.235.53,456,QN,Floor 4,407OC,C2,
290,3d001e000247343337373738,114-04-431-09,6c:0b:84:59:76:60,tcs-m-457.wifi.local.cmu.edu,172.26.235.54,457,QO,Floor 4,HALL,HC3,Outside 427
291,3a0042000247343337373738,114-04-431-15,6c:0b:84:59:75:c2,tcs-m-458.wifi.local.cmu.edu,172.26.235.55,458,QP,Floor 4,424,C1,
292,2b001d000147343337373738,114-04-431-16,6c:0b:84:59:75:15,tcs-m-459.wifi.local.cmu.edu,172.26.235.56,459,QQ,Floor 4,424,W1,
293,1a0034000447343339373536,114-04-431-18,6c:0b:84:59:74:d7,tcs-m-460.wifi.local.cmu.edu,172.26.235.57,460,QR,Floor 4,423,C1,
294,260025000147343337373738,114-04-431-17,6c:0b:84:59:75:a4,tcs-m-461.wifi.local.cmu.edu,172.26.235.58,461,QS,Floor 4,423,W1,
295,39003b000247343337373738,114-04-431-19,6c:0b:84:59:76:30,tcs-m-462.wifi.local.cmu.edu,172.26.235.59,462,QT,Floor 4,422,C1,
296,2a0040000147343337373738,114-04-431-20,6c:0b:84:59:74:c9,tcs-m-463.wifi.local.cmu.edu,172.26.235.60,463,QU,Floor 4,422,W1,
297,360032000247343337373738,114-04-431-22,6c:0b:84:59:76:5f,tcs-m-464.wifi.local.cmu.edu,172.26.235.61,464,QV,Floor 4,421,C1,
298,3f0024000547343339373536,114-04-431-21,6c:0b:84:59:74:d0,tcs-m-465.wifi.local.cmu.edu,172.26.235.62,465,QW,Floor 4,421,W1,
299,3f0037000547343339373536,114-04-431-24,6c:0b:84:59:74:d6,tcs-m-466.wifi.local.cmu.edu,172.26.235.63,466,QX,Floor 4,420,C1,
300,1b0034000447343339373536,114-04-431-23,6c:0b:84:59:74:e9,tcs-m-467.wifi.local.cmu.edu,172.26.235.64,467,QY,Floor 4,420,W1,
301,2b0039000147343337373738,114-04-432-01,6c:0b:84:59:74:d2,tcs-m-468.wifi.local.cmu.edu,172.26.235.65,468,QZ,Floor 4,430,W1,
302,370038000247343337373738,114-04-432-02,6c:0b:84:59:76:64,tcs-m-469.wifi.local.cmu.edu,172.26.235.66,469,RA,Floor 4,431A,C1,
303,2a0035000147343337373738,114-04-431-13,6c:0b:84:59:74:e1,tcs-m-470.wifi.local.cmu.edu,172.26.235.67,470,RB,Floor 4,431,C1,
304,170035000547363332363639,114-04-431-14,e0:4f:43:52:62:71,tcs-m-471.wifi.local.cmu.edu,172.26.235.68,471,RC,Floor 4,431,W1,
305,3c0044000b47363330353437,114-04-431-11,e0:4f:43:52:60:f4,tcs-m-472.wifi.local.cmu.edu,172.26.235.69,472,RD,Floor 4,432,C1,
306,250036000b47363330353437,114-04-431-12,e0:4f:43:52:5f:50,tcs-m-473.wifi.local.cmu.edu,172.26.235.70,473,RE,Floor 4,432,W1,
307,3b0041000b47363330353437,114-04-435-10,e0:4f:43:52:60:dd,tcs-m-474.wifi.local.cmu.edu,172.26.235.71,474,RF,Floor 4,HALL 400RC,HC3,Outside 434
308,380022000547363332363639,114-04-431-07,e0:4f:43:52:5f:7d,tcs-m-475.wifi.local.cmu.edu,172.26.235.72,475,RG,Floor 4,HALL,HC5,Outside 431
309,2f0025000547363332363639,114-04-434-12,e0:4f:43:52:60:24,tcs-m-476.wifi.local.cmu.edu,172.26.235.73,476,RH,Floor 4,HALL,HC6,Outside 417
310,18002a000547363332363639,114-04-434-11,e0:4f:43:52:61:a0,tcs-m-477.wifi.local.cmu.edu,172.26.235.74,477,RI,Floor 4,417,C1,
311,380023000547363332363639,114-04-434-10,e0:4f:43:52:60:85,tcs-m-478.wifi.local.cmu.edu,172.26.235.75,478,RJ,Floor 4,417,W1,
312,180034000547363332363639,114-04-434-09,e0:4f:43:52:62:80,tcs-m-479.wifi.local.cmu.edu,172.26.235.76,479,RK,Floor 4,416,C1,
313,19002b000547363332363639,114-04-434-08,e0:4f:43:52:62:bf,tcs-m-480.wifi.local.cmu.edu,172.26.235.77,480,RL,Floor 4,416,W1,
314,2e0027000d47363330353437,114-04-434-07,e0:4f:43:52:61:58,tcs-m-481.wifi.local.cmu.edu,172.26.235.78,481,RM,Floor 4,415,C1,
315,1f002a000547363332363639,114-04-434-06,e0:4f:43:52:62:90,tcs-m-482.wifi.local.cmu.edu,172.26.235.79,482,RN,Floor 4,415,W1,
316,390023000547363332363639,114-04-434-13,e0:4f:43:52:60:3c,tcs-m-483.wifi.local.cmu.edu,172.26.235.80,483,RO,Floor 4,HALL,HC7,Outside 415
317,3f0022000c47363330353437,114-04-434-05,e0:4f:43:52:60:9d,tcs-m-484.wifi.local.cmu.edu,172.26.235.81,484,RP,Floor 4,414,C1,
318,39001b000547363332363639,114-04-434-04,e0:4f:43:52:5f:93,tcs-m-485.wifi.local.cmu.edu,172.26.235.82,485,RQ,Floor 4,414,W1,
319,1f0028000547363332363639,114-04-434-03,e0:4f:43:52:62:5b,tcs-m-486.wifi.local.cmu.edu,172.26.235.83,486,RR,Floor 4,413,C1,
320,380025000547363332363639,114-04-434-02,e0:4f:43:52:5f:df,tcs-m-487.wifi.local.cmu.edu,172.26.235.84,487,RS,Floor 4,413,W1,
321,3c003a000b47363330353437,114-04-434-01,e0:4f:43:52:61:02,tcs-m-488.wifi.local.cmu.edu,172.26.235.85,488,RT,Floor 4,412,C1,
322,1f0021000b47363330353437,114-04-433-24,e0:4f:43:52:61:2a,tcs-m-489.wifi.local.cmu.edu,172.26.235.86,489,RU,Floor 4,412,W1,
323,3e0020000247343337373738,114-04-433-23,6c:0b:84:59:76:42,tcs-m-490.wifi.local.cmu.edu,172.26.235.87,490,RV,Floor 4,411,C1,
324,3b0026000247343337373738,114-04-433-22,6c:0b:84:59:76:79,tcs-m-491.wifi.local.cmu.edu,172.26.235.88,491,RW,Floor 4,411,W1,
325,3e0029000547343339373536,114-04-434-14,6c:0b:84:59:76:41,tcs-m-492.wifi.local.cmu.edu,172.26.235.89,492,RX,Floor 4,HALL,HC8,Outside 411
326,28002e000147343337373738,114-04-433-20,6c:0b:84:59:76:b9,tcs-m-493.wifi.local.cmu.edu,172.26.235.90,493,RY,Floor 4,400OC,C1,
327,2f001b000547363332363639,114-04-433-21,e0:4f:43:52:60:55,tcs-m-494.wifi.local.cmu.edu,172.26.235.91,494,RZ,Floor 4,400OC,C2,
328,1f0027000547363332363639,114-04-435-09,e0:4f:43:52:62:3d,tcs-m-495.wifi.local.cmu.edu,172.26.235.92,495,SA,Floor 4,HALL 400EL,HC9,Outside Elevator/Stairs
329,1d0024000547363332363639,114-04-435-08,e0:4f:43:52:61:71,tcs-m-496.wifi.local.cmu.edu,172.26.235.93,496,SB,Floor 4,HALL,HC10,Outside 452
330,38002b000247343337373738,114-04-435-07,6c:0b:84:59:76:bf,tcs-m-497.wifi.local.cmu.edu,172.26.234.20,497,SC,Floor 4,467,C1,
331,190025000547363332363639,114-04-435-06,e0:4f:43:52:62:21,tcs-m-498.wifi.local.cmu.edu,172.26.234.19,498,SD,Floor 4,464,C1,
332,1d0021000547363332363639,114-04-433-08,e0:4f:43:52:61:60,tcs-m-499.wifi.local.cmu.edu,172.26.234.18,499,SE,Floor 4,460,C1,
333,3e003e000b47363330353437,114-04-433-07,e0:4f:43:52:5d:a9,tcs-m-500.wifi.local.cmu.edu,172.26.234.17,500,SF,Floor 4,460,C2,
334,3b002e000247343337373738,114-04-433-04,6c:0b:84:59:78:47,tcs-m-394.wifi.local.cmu.edu,172.26.235.149,394,OD,Floor 4,460,W1,